{"cameraMode":{"drawMode":0,"name":"Shaded","section":"Shading Mode"},"sceneLighting":true,"audioPlay":false,"sceneViewState":{"m_AlwaysRefresh":false,"showFog":true,"showSkybox":true,"showFlares":true,"showImageEffects":true,"showParticleSystems":true,"showVisualEffectGraphs":true,"m_FxEnabled":true},"in2DMode":false,"pivot":{"x":-228.61801147460938,"y":11.54452896118164,"z":1944.6905517578125},"rotation":{"x":0.010807446204125882,"y":-0.012241845019161702,"z":0.00014578345871996135,"w":0.9998788237571716},"size":511.3453674316406,"orthographic":false}